{
  "users": {},
  "lootboxes": [],
  "customShopItems": [],
  "roleShopItems": [],
  "rotatingShopItems": [],
  "rotatingShopStock": {},
  "managers": {},
  "bannedUsers": {},
  "defaultItemOverrides": {},
  "coinflipEnabled": {},
  "duelChallenges": [],
  "faceoffChallenges": [],
  "rpsChallenges": [],
  "tradeOffers": [],
  "dailyQuests": {},
  "achievements": [],
  "serverSettings": {},
  "chatSessions": [],
  "matchQueue": {},
  "dismeglePanels": {},
  "rotatingShopConfigs": {},
  "activeEffects": [],
  "redeemCodes": [],
  "staffShopConfigs": {},
  "promotionPurchases": [],
  "roleBoosts": {},
  "disabledCommands": {}
}