{
  "totalBackups": 22,
  "totalSizeKB": "630.03",
  "lastUpdated": "2025-12-28T01:55:34.615Z",
  "backups": [
    {
      "filename": "backup_2025-11-22_20-14-14.json",
      "istTimestamp": "23/11/2025, 07:14:14 am",
      "utcTimestamp": "2025-11-22T20:14:14.956Z",
      "fileSizeKB": "210.18",
      "userCount": 192,
      "serverCount": 2,
      "itemCount": 0,
      "backupIndex": 1
    },
    {
      "filename": "backup_2025-11-22_20-12-00.json",
      "istTimestamp": "23/11/2025, 07:12:00 am",
      "utcTimestamp": "2025-11-22T20:12:00.710Z",
      "fileSizeKB": "208.01",
      "userCount": 190,
      "serverCount": 2,
      "itemCount": 0,
      "backupIndex": 2
    },
    {
      "filename": "backup_2025-11-22_19-57-33.json",
      "istTimestamp": "23/11/2025, 06:57:33 am",
      "utcTimestamp": "2025-11-22T19:57:33.918Z",
      "fileSizeKB": "200.41",
      "userCount": 183,
      "serverCount": 2,
      "itemCount": 0,
      "backupIndex": 3
    },
    {
      "filename": "backup_2025-11-23_12-28-29.json",
      "istTimestamp": "23/11/2025, 11:28:29 pm",
      "utcTimestamp": "2025-11-23T12:28:29.019Z",
      "fileSizeKB": "0.62",
      "userCount": 0,
      "serverCount": 0,
      "itemCount": 0,
      "backupIndex": 4
    },
    {
      "filename": "backup_2025-11-23_13-04-51.json",
      "istTimestamp": "24/11/2025, 12:04:51 am",
      "utcTimestamp": "2025-11-23T13:04:51.006Z",
      "fileSizeKB": "0.62",
      "userCount": 0,
      "serverCount": 0,
      "itemCount": 0,
      "backupIndex": 5
    },
    {
      "filename": "backup_2025-11-26_07-46-43.json",
      "istTimestamp": "26/11/2025, 06:46:43 pm",
      "utcTimestamp": "2025-11-26T07:46:43.306Z",
      "fileSizeKB": "0.62",
      "userCount": 0,
      "serverCount": 0,
      "itemCount": 0,
      "backupIndex": 6
    },
    {
      "filename": "backup_2025-11-26_07-54-08.json",
      "istTimestamp": "26/11/2025, 06:54:08 pm",
      "utcTimestamp": "2025-11-26T07:54:08.270Z",
      "fileSizeKB": "0.62",
      "userCount": 0,
      "serverCount": 0,
      "itemCount": 0,
      "backupIndex": 7
    },
    {
      "filename": "backup_2025-11-26_07-56-13.json",
      "istTimestamp": "26/11/2025, 06:56:13 pm",
      "utcTimestamp": "2025-11-26T07:56:13.557Z",
      "fileSizeKB": "0.62",
      "userCount": 0,
      "serverCount": 0,
      "itemCount": 0,
      "backupIndex": 8
    },
    {
      "filename": "backup_2025-11-26_07-59-35.json",
      "istTimestamp": "26/11/2025, 06:59:35 pm",
      "utcTimestamp": "2025-11-26T07:59:35.908Z",
      "fileSizeKB": "0.62",
      "userCount": 0,
      "serverCount": 0,
      "itemCount": 0,
      "backupIndex": 9
    },
    {
      "filename": "backup_2025-11-26_08-00-00.json",
      "istTimestamp": "26/11/2025, 07:00:00 pm",
      "utcTimestamp": "2025-11-26T08:00:00.914Z",
      "fileSizeKB": "0.62",
      "userCount": 0,
      "serverCount": 0,
      "itemCount": 0,
      "backupIndex": 10
    },
    {
      "filename": "backup_2025-11-26_08-02-20.json",
      "istTimestamp": "26/11/2025, 07:02:20 pm",
      "utcTimestamp": "2025-11-26T08:02:20.385Z",
      "fileSizeKB": "0.62",
      "userCount": 0,
      "serverCount": 0,
      "itemCount": 0,
      "backupIndex": 11
    },
    {
      "filename": "backup_2025-11-26_08-04-20.json",
      "istTimestamp": "26/11/2025, 07:04:20 pm",
      "utcTimestamp": "2025-11-26T08:04:20.185Z",
      "fileSizeKB": "0.62",
      "userCount": 0,
      "serverCount": 0,
      "itemCount": 0,
      "backupIndex": 12
    },
    {
      "filename": "backup_2025-11-26_08-06-34.json",
      "istTimestamp": "26/11/2025, 07:06:34 pm",
      "utcTimestamp": "2025-11-26T08:06:34.321Z",
      "fileSizeKB": "0.62",
      "userCount": 0,
      "serverCount": 0,
      "itemCount": 0,
      "backupIndex": 13
    },
    {
      "filename": "backup_2025-12-28_01-55-34.json",
      "istTimestamp": "28/12/2025, 12:55:34 pm",
      "utcTimestamp": "2025-12-28T01:55:34.443Z",
      "fileSizeKB": "0.62",
      "userCount": 0,
      "serverCount": 0,
      "itemCount": 0,
      "backupIndex": 14
    },
    {
      "filename": "backup_2025-11-23_12-19-30.json",
      "istTimestamp": "23/11/2025, 11:19:30 pm",
      "utcTimestamp": "2025-11-23T12:19:30.045Z",
      "fileSizeKB": "0.59",
      "userCount": 0,
      "serverCount": 0,
      "itemCount": 0,
      "backupIndex": 15
    },
    {
      "filename": "backup_2025-11-23_12-27-56.json",
      "istTimestamp": "23/11/2025, 11:27:56 pm",
      "utcTimestamp": "2025-11-23T12:27:56.651Z",
      "fileSizeKB": "0.59",
      "userCount": 0,
      "serverCount": 0,
      "itemCount": 0,
      "backupIndex": 16
    },
    {
      "filename": "backup_2025-11-22_19-59-45.json",
      "istTimestamp": "23/11/2025, 06:59:45 am",
      "utcTimestamp": "2025-11-22T19:59:45.059Z",
      "fileSizeKB": "0.57",
      "userCount": 0,
      "serverCount": 0,
      "itemCount": 0,
      "backupIndex": 17
    },
    {
      "filename": "backup_2025-11-22_20-10-49.json",
      "istTimestamp": "23/11/2025, 07:10:49 am",
      "utcTimestamp": "2025-11-22T20:10:49.352Z",
      "fileSizeKB": "0.57",
      "userCount": 0,
      "serverCount": 0,
      "itemCount": 0,
      "backupIndex": 18
    },
    {
      "filename": "backup_2025-11-22_20-14-29.json",
      "istTimestamp": "23/11/2025, 07:14:29 am",
      "utcTimestamp": "2025-11-22T20:14:29.756Z",
      "fileSizeKB": "0.57",
      "userCount": 0,
      "serverCount": 0,
      "itemCount": 0,
      "backupIndex": 19
    },
    {
      "filename": "backup_2025-11-22_20-16-50.json",
      "istTimestamp": "23/11/2025, 07:16:50 am",
      "utcTimestamp": "2025-11-22T20:16:50.005Z",
      "fileSizeKB": "0.57",
      "userCount": 0,
      "serverCount": 0,
      "itemCount": 0,
      "backupIndex": 20
    },
    {
      "filename": "backup_2025-11-23_12-06-07.json",
      "istTimestamp": "23/11/2025, 11:06:07 pm",
      "utcTimestamp": "2025-11-23T12:06:07.297Z",
      "fileSizeKB": "0.57",
      "userCount": 0,
      "serverCount": 0,
      "itemCount": 0,
      "backupIndex": 21
    },
    {
      "filename": "backup_2025-11-23_12-09-39.json",
      "istTimestamp": "23/11/2025, 11:09:39 pm",
      "utcTimestamp": "2025-11-23T12:09:39.348Z",
      "fileSizeKB": "0.57",
      "userCount": 0,
      "serverCount": 0,
      "itemCount": 0,
      "backupIndex": 22
    }
  ]
}